ryanmiller,2024-6-3 23:50:6,I am ryan
ryanmiller,2024-6-3 23:56:59
ryanmiller,2024-6-4 1:47:15
ryanmiller,2024-6-4 1:47:55
ommprakashsahu,2024-6-9 17:39:1
ommprakashsahu,2024-6-18 21:30:12
ommprakashsahu,2024-7-12 20:20:57
ommprakashsahu,2024-10-3 18:18:56
ommprakashsahu,2024-10-3 18:29:9
ommprakashsahu,2024-10-3 18:31:9
ommprakashsahu,2024-10-3 18:50:41
ommprakashsahu,2024-10-3 18:51:14
ommprakashsahu,2024-10-3 18:52:9
ommprakashsahu,2024-10-3 21:50:52
ommprakashsahu,2024-10-3 21:52:4
ommprakashsahu,2024-10-3 21:54:5
ommprakashsahu,2024-10-3 21:56:10
jennycarter,2024-10-3 22:0:20
andrewdavis,2024-10-3 22:2:11
danieljones,2024-10-3 22:9:17
danieljones,2024-10-3 22:11:23
ommprakashsahu,2024-10-8 18:20:31
ommprakashsahu,2024-10-8 18:24:54
